{"cameraMode":{"drawMode":0,"name":"Shaded","section":"Shading Mode"},"sceneLighting":false,"audioPlay":false,"sceneViewState":{"showFog":true,"showMaterialUpdate":false,"showSkybox":true,"showFlares":true,"showImageEffects":true,"showParticleSystems":true},"in2DMode":false,"pivot":{"x":-2.7725000381469728,"y":0.7559999823570252,"z":-1.1775000095367432},"rotation":{"x":0.1492069661617279,"y":-0.2626873850822449,"z":0.04114141687750816,"w":0.9523865580558777},"size":0.9229682087898254,"orthographic":false}