{"cameraMode":{"drawMode":0,"name":"Shaded","section":"Shading Mode"},"sceneLighting":false,"audioPlay":false,"sceneViewState":{"showFog":true,"showMaterialUpdate":false,"showSkybox":true,"showFlares":true,"showImageEffects":true,"showParticleSystems":true},"in2DMode":false,"pivot":{"x":-0.396533727645874,"y":0.0516696572303772,"z":0.03961412236094475},"rotation":{"x":0.11708956211805344,"y":0.7074078321456909,"z":-0.1206095814704895,"w":0.6865257620811462},"size":0.09355378150939942,"orthographic":false}