{"cameraMode":{"drawMode":0,"name":"Shaded","section":"Shading Mode"},"sceneLighting":false,"audioPlay":false,"sceneViewState":{"showFog":true,"showMaterialUpdate":false,"showSkybox":true,"showFlares":true,"showImageEffects":true,"showParticleSystems":true},"in2DMode":false,"pivot":{"x":-5.534334182739258,"y":1.9608540534973145,"z":-2.0289266109466554},"rotation":{"x":0.03403957188129425,"y":0.9242854118347168,"z":0.08479845523834229,"w":-0.3706035912036896},"size":0.42781972885131838,"orthographic":false}