{"cameraMode":{"drawMode":0,"name":"Shaded","section":"Shading Mode"},"sceneLighting":false,"audioPlay":false,"sceneViewState":{"showFog":true,"showMaterialUpdate":false,"showSkybox":true,"showFlares":true,"showImageEffects":true,"showParticleSystems":true},"in2DMode":false,"pivot":{"x":13.147354125976563,"y":1.5743370056152344,"z":-4.592812538146973},"rotation":{"x":-0.2110702246427536,"y":-0.7764442563056946,"z":0.3336949050426483,"w":-0.49115318059921267},"size":0.575666606426239,"orthographic":false}