{"cameraMode":{"drawMode":0,"name":"Shaded","section":"Shading Mode"},"sceneLighting":false,"audioPlay":false,"sceneViewState":{"showFog":true,"showMaterialUpdate":false,"showSkybox":true,"showFlares":true,"showImageEffects":true,"showParticleSystems":true},"in2DMode":false,"pivot":{"x":-0.0796210765838623,"y":1.1932908296585084,"z":-0.02949291095137596},"rotation":{"x":-0.018023721873760225,"y":0.7298017144203186,"z":-0.019285395741462709,"w":-0.6831490993499756},"size":0.30701977014541628,"orthographic":false}