{"cameraMode":{"drawMode":0,"name":"Shaded","section":"Shading Mode"},"sceneLighting":false,"audioPlay":false,"sceneViewState":{"showFog":true,"showMaterialUpdate":false,"showSkybox":true,"showFlares":true,"showImageEffects":true,"showParticleSystems":true},"in2DMode":false,"pivot":{"x":-3.9881210327148439,"y":21.981403350830079,"z":302.88671875},"rotation":{"x":0.30671676993370058,"y":-0.49989229440689089,"z":0.1950451135635376,"w":0.7861233949661255},"size":1065.524658203125,"orthographic":false}