{"cameraMode":{"drawMode":0,"name":"Shaded","section":"Shading Mode"},"sceneLighting":false,"audioPlay":false,"sceneViewState":{"showFog":true,"showMaterialUpdate":false,"showSkybox":true,"showFlares":true,"showImageEffects":true,"showParticleSystems":true},"in2DMode":false,"pivot":{"x":-3.7313272953033449,"y":0.0,"z":-1.2730987071990967},"rotation":{"x":-0.2110702246427536,"y":-0.7764442563056946,"z":0.3336949050426483,"w":-0.49115318059921267},"size":0.8752004504203796,"orthographic":false}