{"cameraMode":{"drawMode":0,"name":"Shaded","section":"Shading Mode"},"sceneLighting":false,"audioPlay":false,"sceneViewState":{"showFog":true,"showMaterialUpdate":false,"showSkybox":true,"showFlares":true,"showImageEffects":true,"showParticleSystems":true},"in2DMode":false,"pivot":{"x":-0.00006461143493652344,"y":0.059126757085323337,"z":0.00044257508125156164},"rotation":{"x":-0.18606503307819367,"y":0.7705920338630676,"z":-0.2600778341293335,"w":-0.5512959361076355},"size":0.5539719462394714,"orthographic":false}