{"cameraMode":{"drawMode":0,"name":"Shaded","section":"Shading Mode"},"sceneLighting":false,"audioPlay":false,"sceneViewState":{"showFog":true,"showMaterialUpdate":false,"showSkybox":true,"showFlares":true,"showImageEffects":true,"showParticleSystems":true},"in2DMode":false,"pivot":{"x":-2.7589306831359865,"y":0.0,"z":-1.9624429941177369},"rotation":{"x":0.06860359013080597,"y":0.9300216436386108,"z":-0.22758913040161134,"w":0.2802794575691223},"size":0.8756669759750366,"orthographic":false}