{"cameraMode":{"drawMode":0,"name":"Shaded","section":"Shading Mode"},"sceneLighting":false,"audioPlay":false,"sceneViewState":{"showFog":true,"showMaterialUpdate":false,"showSkybox":true,"showFlares":true,"showImageEffects":true,"showParticleSystems":true},"in2DMode":false,"pivot":{"x":-2.839556932449341,"y":0.0,"z":-1.7610394954681397},"rotation":{"x":0.005847039166837931,"y":0.9848408699035645,"z":-0.1700645387172699,"w":0.03365042805671692},"size":0.8756669759750366,"orthographic":false}