{"cameraMode":{"drawMode":0,"name":"Shaded","section":"Shading Mode"},"sceneLighting":false,"audioPlay":false,"sceneViewState":{"showFog":true,"showMaterialUpdate":false,"showSkybox":true,"showFlares":true,"showImageEffects":true,"showParticleSystems":true},"in2DMode":false,"pivot":{"x":-1.22894287109375,"y":0.45722222328186037,"z":2.159118890762329},"rotation":{"x":0.26807254552841189,"y":0.4864615201950073,"z":-0.15981270372867585,"w":0.8160589337348938},"size":1.0669825077056885,"orthographic":false}