{"cameraMode":{"drawMode":0,"name":"Shaded","section":"Shading Mode"},"sceneLighting":false,"audioPlay":false,"sceneViewState":{"showFog":true,"showMaterialUpdate":false,"showSkybox":true,"showFlares":true,"showImageEffects":true,"showParticleSystems":true},"in2DMode":false,"pivot":{"x":13.170000076293946,"y":0.9427499771118164,"z":-3.7970001697540285},"rotation":{"x":0.37078699469566347,"y":-0.590393602848053,"z":0.34980911016464236,"w":0.6257684230804443},"size":0.875666618347168,"orthographic":false}