{"cameraMode":{"drawMode":0,"name":"Shaded","section":"Shading Mode"},"sceneLighting":false,"audioPlay":false,"sceneViewState":{"showFog":true,"showMaterialUpdate":false,"showSkybox":true,"showFlares":true,"showImageEffects":true,"showParticleSystems":true},"in2DMode":false,"pivot":{"x":-4.14580774307251,"y":1.3350944519042969,"z":-2.021754264831543},"rotation":{"x":-0.1272691935300827,"y":0.7251394391059876,"z":-0.13940206170082093,"w":-0.6622254252433777},"size":-0.7065834999084473,"orthographic":false}