{"cameraMode":{"drawMode":0,"name":"Shaded","section":"Shading Mode"},"sceneLighting":false,"audioPlay":false,"sceneViewState":{"showFog":true,"showMaterialUpdate":false,"showSkybox":true,"showFlares":true,"showImageEffects":true,"showParticleSystems":true},"in2DMode":false,"pivot":{"x":-2.3915040493011476,"y":1.300341010093689,"z":-1.0325573682785035},"rotation":{"x":-0.23076096177101136,"y":-0.5950631499290466,"z":0.18369337916374207,"w":-0.7476001977920532},"size":0.8756675720214844,"orthographic":false}