{"cameraMode":{"drawMode":0,"name":"Shaded","section":"Shading Mode"},"sceneLighting":false,"audioPlay":false,"sceneViewState":{"showFog":true,"showMaterialUpdate":false,"showSkybox":true,"showFlares":true,"showImageEffects":true,"showParticleSystems":true},"in2DMode":false,"pivot":{"x":0.22427630424499513,"y":0.6909989714622498,"z":0.014505276456475258},"rotation":{"x":-0.023842670023441316,"y":0.9488433003425598,"z":-0.30603671073913576,"w":-0.07395656406879425},"size":0.6439903974533081,"orthographic":false}