{"cameraMode":{"drawMode":0,"name":"Shaded","section":"Shading Mode"},"sceneLighting":false,"audioPlay":false,"sceneViewState":{"showFog":true,"showMaterialUpdate":false,"showSkybox":true,"showFlares":true,"showImageEffects":true,"showParticleSystems":true},"in2DMode":false,"pivot":{"x":-4.585999965667725,"y":1.3596528768539429,"z":-4.920000076293945},"rotation":{"x":-0.1204729974269867,"y":0.7479779720306397,"z":-0.14146621525287629,"w":-0.6371833682060242},"size":0.6907055974006653,"orthographic":false}