{"cameraMode":{"drawMode":0,"name":"Shaded","section":"Shading Mode"},"sceneLighting":false,"audioPlay":false,"sceneViewState":{"showFog":true,"showMaterialUpdate":false,"showSkybox":true,"showFlares":true,"showImageEffects":true,"showParticleSystems":true},"in2DMode":false,"pivot":{"x":0.1045369952917099,"y":1.2119349241256714,"z":-4.990567207336426},"rotation":{"x":-0.06897485256195069,"y":-0.9059020280838013,"z":0.384867787361145,"w":-0.16266819834709168},"size":0.21491295099258424,"orthographic":false}