{"cameraMode":{"drawMode":0,"name":"Shaded","section":"Shading Mode"},"sceneLighting":false,"audioPlay":false,"sceneViewState":{"showFog":true,"showMaterialUpdate":false,"showSkybox":true,"showFlares":true,"showImageEffects":true,"showParticleSystems":true},"in2DMode":false,"pivot":{"x":-3.944999933242798,"y":1.2719999551773072,"z":-5.36899995803833},"rotation":{"x":0.07566718012094498,"y":-0.9193467497825623,"z":0.2185560017824173,"w":0.31829118728637698},"size":0.37671196460723879,"orthographic":false}