{"cameraMode":{"drawMode":0,"name":"Shaded","section":"Shading Mode"},"sceneLighting":false,"audioPlay":false,"sceneViewState":{"showFog":true,"showMaterialUpdate":false,"showSkybox":true,"showFlares":true,"showImageEffects":true,"showParticleSystems":true},"in2DMode":false,"pivot":{"x":13.093423843383789,"y":0.8413429856300354,"z":-5.292680740356445},"rotation":{"x":-0.034795645624399188,"y":-0.9605046510696411,"z":0.2374970018863678,"w":-0.14076712727546693},"size":0.5587810277938843,"orthographic":false}