{"cameraMode":{"drawMode":0,"name":"Shaded","section":"Shading Mode"},"sceneLighting":false,"audioPlay":false,"sceneViewState":{"showFog":true,"showMaterialUpdate":false,"showSkybox":true,"showFlares":true,"showImageEffects":true,"showParticleSystems":true},"in2DMode":false,"pivot":{"x":-2.8910000324249269,"y":0.9600000381469727,"z":-1.0549999475479127},"rotation":{"x":0.2666776478290558,"y":0.01894351653754711,"z":-0.005219732411205769,"w":0.9635854959487915},"size":4.041658401489258,"orthographic":false}