{"cameraMode":{"drawMode":0,"name":"Shaded","section":"Shading Mode"},"sceneLighting":false,"audioPlay":false,"sceneViewState":{"showFog":true,"showMaterialUpdate":false,"showSkybox":true,"showFlares":true,"showImageEffects":true,"showParticleSystems":true},"in2DMode":false,"pivot":{"x":-16.850000381469728,"y":0.7839999794960022,"z":0.0},"rotation":{"x":-0.3365366756916046,"y":0.5535092949867249,"z":-0.25993210077285769,"w":-0.7161046862602234},"size":1.9428932666778565,"orthographic":false}