{"cameraMode":{"drawMode":0,"name":"Shaded","section":"Shading Mode"},"sceneLighting":false,"audioPlay":false,"sceneViewState":{"showFog":true,"showMaterialUpdate":false,"showSkybox":true,"showFlares":true,"showImageEffects":true,"showParticleSystems":true},"in2DMode":false,"pivot":{"x":-5.932615756988525,"y":1.4456207752227784,"z":3.334775686264038},"rotation":{"x":-0.16487112641334535,"y":0.44508400559425356,"z":-0.08376494795084,"w":-0.8761855959892273},"size":0.5469223856925964,"orthographic":false}