{"cameraMode":{"drawMode":0,"name":"Shaded","section":"Shading Mode"},"sceneLighting":false,"audioPlay":false,"sceneViewState":{"showFog":true,"showMaterialUpdate":false,"showSkybox":true,"showFlares":true,"showImageEffects":true,"showParticleSystems":true},"in2DMode":false,"pivot":{"x":-5.772878170013428,"y":1.2736867666244507,"z":-0.32259535789489748},"rotation":{"x":0.1450483351945877,"y":-0.7174102663993836,"z":0.15698570013046266,"w":0.6630527973175049},"size":0.0763627290725708,"orthographic":false}