{"cameraMode":{"drawMode":0,"name":"Shaded","section":"Shading Mode"},"sceneLighting":false,"audioPlay":false,"sceneViewState":{"showFog":true,"showMaterialUpdate":false,"showSkybox":true,"showFlares":true,"showImageEffects":true,"showParticleSystems":true},"in2DMode":false,"pivot":{"x":-6.083000183105469,"y":0.9427499771118164,"z":-1.3170000314712525},"rotation":{"x":0.16215787827968598,"y":-0.7855809330940247,"z":0.23144306242465974,"w":0.5504558086395264},"size":1.4587815999984742,"orthographic":false}