{"cameraMode":{"drawMode":0,"name":"Shaded","section":"Shading Mode"},"sceneLighting":false,"audioPlay":false,"sceneViewState":{"showFog":true,"showMaterialUpdate":false,"showSkybox":true,"showFlares":true,"showImageEffects":true,"showParticleSystems":true},"in2DMode":false,"pivot":{"x":-1230.239501953125,"y":992.9268798828125,"z":5.737548828125},"rotation":{"x":0.1062953770160675,"y":-0.0056462655775249008,"z":0.0006215874454937875,"w":0.9943183660507202},"size":700.5830078125,"orthographic":false}