{"cameraMode":{"drawMode":0,"name":"Shaded","section":"Shading Mode"},"sceneLighting":false,"audioPlay":false,"sceneViewState":{"showFog":true,"showMaterialUpdate":false,"showSkybox":true,"showFlares":true,"showImageEffects":true,"showParticleSystems":true},"in2DMode":false,"pivot":{"x":-0.9010000228881836,"y":0.48659253120422366,"z":-1.5700000524520875},"rotation":{"x":0.4787594974040985,"y":-0.37591633200645449,"z":0.23781204223632813,"w":0.756915807723999},"size":0.8756672739982605,"orthographic":false}