{"cameraMode":{"drawMode":0,"name":"Shaded","section":"Shading Mode"},"sceneLighting":false,"audioPlay":false,"sceneViewState":{"showFog":true,"showMaterialUpdate":false,"showSkybox":true,"showFlares":true,"showImageEffects":true,"showParticleSystems":true},"in2DMode":false,"pivot":{"x":-4.596022605895996,"y":1.1115679740905762,"z":8.528773307800293},"rotation":{"x":0.2470271736383438,"y":0.0806569829583168,"z":-0.020635118708014489,"w":0.965425431728363},"size":3.028379440307617,"orthographic":false}