{"cameraMode":{"drawMode":0,"name":"Shaded","section":"Shading Mode"},"sceneLighting":false,"audioPlay":false,"sceneViewState":{"showFog":true,"showMaterialUpdate":false,"showSkybox":true,"showFlares":true,"showImageEffects":true,"showParticleSystems":true},"in2DMode":false,"pivot":{"x":-0.014416757971048355,"y":0.17144550383090974,"z":0.17735596001148225},"rotation":{"x":0.002027994254603982,"y":-0.9977335929870606,"z":0.035332564264535907,"w":0.05722971633076668},"size":0.7047292590141296,"orthographic":false}