{"cameraMode":{"drawMode":0,"name":"Shaded","section":"Shading Mode"},"sceneLighting":false,"audioPlay":false,"sceneViewState":{"showFog":true,"showMaterialUpdate":false,"showSkybox":true,"showFlares":true,"showImageEffects":true,"showParticleSystems":true},"in2DMode":false,"pivot":{"x":-4.6781721115112309,"y":0.3932284712791443,"z":1.976497769355774},"rotation":{"x":0.12885187566280366,"y":-0.7239862680435181,"z":0.14075051248073579,"w":0.6628953218460083},"size":0.27174845337867739,"orthographic":false}