{"cameraMode":{"drawMode":0,"name":"Shaded","section":"Shading Mode"},"sceneLighting":false,"audioPlay":false,"sceneViewState":{"showFog":true,"showMaterialUpdate":false,"showSkybox":true,"showFlares":true,"showImageEffects":true,"showParticleSystems":true},"in2DMode":false,"pivot":{"x":-5.721916198730469,"y":1.1507999897003174,"z":-0.2765222489833832},"rotation":{"x":0.09222935140132904,"y":-0.7257553339004517,"z":0.09924003481864929,"w":0.6744808554649353},"size":1.6680285930633546,"orthographic":false}