{"cameraMode":{"drawMode":0,"name":"Shaded","section":"Shading Mode"},"sceneLighting":false,"audioPlay":false,"sceneViewState":{"showFog":true,"showMaterialUpdate":false,"showSkybox":true,"showFlares":true,"showImageEffects":true,"showParticleSystems":true},"in2DMode":false,"pivot":{"x":13.275788307189942,"y":1.4668071269989014,"z":-5.4595947265625},"rotation":{"x":-0.23076096177101136,"y":-0.5950631499290466,"z":0.18369337916374207,"w":-0.7476001977920532},"size":1.0604522228240967,"orthographic":false}