{"cameraMode":{"drawMode":0,"name":"Shaded","section":"Shading Mode"},"sceneLighting":false,"audioPlay":false,"sceneViewState":{"showFog":true,"showMaterialUpdate":false,"showSkybox":true,"showFlares":true,"showImageEffects":true,"showParticleSystems":true},"in2DMode":false,"pivot":{"x":-5.915216445922852,"y":2.469583749771118,"z":5.050537109375},"rotation":{"x":0.17170512676239015,"y":-0.6656337380409241,"z":0.1614103466272354,"w":0.7080931067466736},"size":2.730478525161743,"orthographic":false}